Workbook

Sheet Cover
A1: 60 TPD MELTER | SFC PERFORMANCE REVIEW
A2: Executive navigation • 1 Sep 2025–31 Jul 2026
A5: CONTENTS | B5: PURPOSE
A6: SFC Executive | B6: CEO-ready 3-tonne and 5-tonne SFC bucket comparison, targets, and operating takeaway.
A7: Master Data- Energy & SFC Calc | B7: Original energy, draw, and SFC calculation source.
A8: Draw Data | B8: Daily production draw source extracted from SAP.
A9: Draw Bucket Analysis | B9: Live 3-tonne and 5-tonne bucket calculations.
A10: Daily Variation Analysis | B10: Daily draw, energy, and SFC deviation analysis.
A11: Energy Data & SFC Calc (2) | B11: Prepared daily calculation set including draw in tonnes.

Sheet Master Data- Energy & SFC Calc
C1: 60 TPD Melter Energy Data
B3: Month | C3: Date | D3: Melter NG (SCM) | E3: NCV (kcal/scm) | F3: Melter Boosting (kWh) | G3: Barrier Boosting (kWh) | H3: Total Energy | I3: Draw(kg) | J3: SFC (kcal/kg)
B4: =DATE(YEAR(C4),MONTH(C4),1) -> 45901 | C4: 45901 | D4: 7686 | E4: 9604.646 | F4: 5358 | G4: 13720 | H4: =((D4 *(E4))+ ((F4+G4)*860)) -> 90228389 | I4: =VLOOKUP(C4,'Draw Data'!A:B,2,0) -> 60554 | J4: =H4/I4 -> 1490.0484
B5: =DATE(YEAR(C5),MONTH(C5),1) -> 45901 | C5: 45902 | D5: 7516 | E5: 9630.14 | F5: 5678 | G5: 11810 | H5: =((D5 *(E5))+ ((F5+G5)*860)) -> 87419812 | I5: =VLOOKUP(C5,'Draw Data'!A:B,2,0) -> 57841 | J5: =H5/I5 -> 1511.3814 | M5: Avg SFC (1/9/25- 31/7/26) | N5: =AVERAGE(J4:J337) -> 1576.3064
B6: =DATE(YEAR(C6),MONTH(C6),1) -> 45901 | C6: 45903 | D6: 7493 | E6: 9579.659 | F6: 5487 | G6: 13080 | H6: =((D6 *(E6))+ ((F6+G6)*860)) -> 87748005 | I6: =VLOOKUP(C6,'Draw Data'!A:B,2,0) -> 60258 | J6: =H6/I6 -> 1456.2051
B7: =DATE(YEAR(C7),MONTH(C7),1) -> 45901 | C7: 45904 | D7: 7683 | E7: 9538.12 | F7: 5456 | G7: 12310 | H7: =((D7 *(E7))+ ((F7+G7)*860)) -> 88560136 | I7: =VLOOKUP(C7,'Draw Data'!A:B,2,0) -> 59462 | J7: =H7/I7 -> 1489.3568 | N7: =0.98*N5 -> 1544.7802
B8: =DATE(YEAR(C8),MONTH(C8),1) -> 45901 | C8: 45905 | D8: 7731 | E8: 9465.079 | F8: 5520 | G8: 10620 | H8: =((D8 *(E8))+ ((F8+G8)*860)) -> 87054926 | I8: =VLOOKUP(C8,'Draw Data'!A:B,2,0) -> 56709 | J8: =H8/I8 -> 1535.1166
B9: =DATE(YEAR(C9),MONTH(C9),1) -> 45901 | C9: 45906 | D9: 7815 | E9: 9515.233 | F9: 5599 | G9: 9260 | H9: =((D9 *(E9))+ ((F9+G9)*860)) -> 87140286 | I9: =VLOOKUP(C9,'Draw Data'!A:B,2,0) -> 55926 | J9: =H9/I9 -> 1558.1355 | M9: Source : Engineering Services , Susheel Ji
B10: =DATE(YEAR(C10),MONTH(C10),1) -> 45901 | C10: 45907 | D10: 7735 | E10: 9478.803 | F10: 5298 | G10: 9690 | H10: =((D10 *(E10))+ ((F10+G10)*860)) -> 86208221 | I10: =VLOOKUP(C10,'Draw Data'!A:B,2,0) -> 55717 | J10: =H10/I10 -> 1547.2517
B11: =DATE(YEAR(C11),MONTH(C11),1) -> 45901 | C11: 45908 | D11: 7762 | E11: 9430.52 | F11: 5456 | G11: 9930 | H11: =((D11 *(E11))+ ((F11+G11)*860)) -> 86431656 | I11: =VLOOKUP(C11,'Draw Data'!A:B,2,0) -> 56409 | J11: =H11/I11 -> 1532.2317
B12: =DATE(YEAR(C12),MONTH(C12),1) -> 45901 | C12: 45909 | D12: 7614 | E12: 9478.411 | F12: 5503 | G12: 10530 | H12: =((D12 *(E12))+ ((F12+G12)*860)) -> 85957001 | I12: =VLOOKUP(C12,'Draw Data'!A:B,2,0) -> 55777 | J12: =H12/I12 -> 1541.0833
B13: =DATE(YEAR(C13),MONTH(C13),1) -> 45901 | C13: 45910 | D13: 7663 | E13: 9562.638 | F13: 5469 | G13: 9450 | H13: =((D13 *(E13))+ ((F13+G13)*860)) -> 86108835 | I13: =VLOOKUP(C13,'Draw Data'!A:B,2,0) -> 55489 | J13: =H13/I13 -> 1551.8181
B14: =DATE(YEAR(C14),MONTH(C14),1) -> 45901 | C14: 45911 | D14: 7640 | E14: 9468.831 | F14: 5516 | G14: 10300 | H14: =((D14 *(E14))+ ((F14+G14)*860)) -> 85943629 | I14: =VLOOKUP(C14,'Draw Data'!A:B,2,0) -> 57154 | J14: =H14/I14 -> 1503.7203
B15: =DATE(YEAR(C15),MONTH(C15),1) -> 45901 | C15: 45912 | D15: 7634 | E15: 9529.814 | F15: 4797 | G15: 11380 | H15: =((D15 *(E15))+ ((F15+G15)*860)) -> 86662820 | I15: =VLOOKUP(C15,'Draw Data'!A:B,2,0) -> 57065 | J15: =H15/I15 -> 1518.6685
B16: =DATE(YEAR(C16),MONTH(C16),1) -> 45901 | C16: 45913 | D16: 7561 | E16: 9600.009 | F16: 4382 | G16: 12060 | H16: =((D16 *(E16))+ ((F16+G16)*860)) -> 86725788 | I16: =VLOOKUP(C16,'Draw Data'!A:B,2,0) -> 57936 | J16: =H16/I16 -> 1496.924
B17: =DATE(YEAR(C17),MONTH(C17),1) -> 45901 | C17: 45914 | D17: 7542 | E17: 9574.387 | F17: 4394 | G17: 13260 | H17: =((D17 *(E17))+ ((F17+G17)*860)) -> 87392467 | I17: =VLOOKUP(C17,'Draw Data'!A:B,2,0) -> 58312 | J17: =H17/I17 -> 1498.7047
B18: =DATE(YEAR(C18),MONTH(C18),1) -> 45901 | C18: 45915 | D18: 7543 | E18: 9571.945 | F18: 4415 | G18: 13530 | H18: =((D18 *(E18))+ ((F18+G18)*860)) -> 87633881 | I18: =VLOOKUP(C18,'Draw Data'!A:B,2,0) -> 58972 | J18: =H18/I18 -> 1486.0253
B19: =DATE(YEAR(C19),MONTH(C19),1) -> 45901 | C19: 45916 | D19: 7460 | E19: 9726.225 | F19: 3853 | G19: 14210 | H19: =((D19 *(E19))+ ((F19+G19)*860)) -> 88091818 | I19: =VLOOKUP(C19,'Draw Data'!A:B,2,0) -> 58921 | J19: =H19/I19 -> 1495.0836
B20: =DATE(YEAR(C20),MONTH(C20),1) -> 45901 | C20: 45917 | D20: 7632 | E20: 9517.608 | F20: 4870 | G20: 14250 | H20: =((D20 *(E20))+ ((F20+G20)*860)) -> 89081584 | I20: =VLOOKUP(C20,'Draw Data'!A:B,2,0) -> 59559 | J20: =H20/I20 -> 1495.6864
B21: =DATE(YEAR(C21),MONTH(C21),1) -> 45901 | C21: 45918 | D21: 7481 | E21: 9523.857 | F21: 5280 | G21: 14990 | H21: =((D21 *(E21))+ ((F21+G21)*860)) -> 88680174 | I21: =VLOOKUP(C21,'Draw Data'!A:B,2,0) -> 60443 | J21: =H21/I21 -> 1467.1703
... B337: =DATE(YEAR(C337),MONTH(C337),1) -> 46204 | C337: 46234 | D337: 8298 | E337: 9450.68 | F337: 7310 | G337: 7520 | H337: =((D337 *(E337))+ ((F337+G337)*860)) -> 91175543 | I337: =VLOOKUP(C337,'Draw Data'!A:B,2,0) -> 54762 | J337: =H337/I337 -> 1664.9418

Sheet SFC Executive
B1: SFC PERFORMANCE | EXECUTIVE BUCKET VIEW
B2: 60 TPD melter • 1 Sep 2025–31 Jul 2026 • Lower SFC is better
B4: PERIOD AVG SFC | E4: BEST 3T OPERATING BAND | I4: SFC REDUCTION: LOW → HIGH DRAW | L4: DAYS ANALYSED
B5: ='Daily Variation Analysis'!B10 -> 1576.3064 | E5: =INDEX('Draw Bucket Analysis'!$A$17:$A$22,MATCH(MIN('Draw Bucket Analysis'!$E$17:$E$22),'Draw Bucket Analysis'!$E$17:$E$22,0)) -> 60-63 | I5: =('Draw Bucket Analysis'!E17-'Draw Bucket Analysis'!E22)/'Draw Bucket Analysis'!E17 -> 0.14384204 | L5: =SUM('Draw Bucket Analysis'!B17:B22) -> 334
B8: ="SFC improves materially as throughput rises. The 5-tonne view falls from "&TEXT('Draw Bucket Analysis'!E9,"#,##0")&" kcal/kg at 45–50 t to "&TEXT('Draw Bucket Analysis'!E12,"#,##0")&" at 60–65 t ("&TEXT(('Draw Bucket Analysis'!E9-'Draw Bucket Analysis'!E12)/'Draw Bucket Analysis'!E9,"0.0%")&" lower). The finer 3-tonne view confirms the strongest band at "&E5&", while the 2% target line translates each operating band into an immediate efficiency ambition." -> SFC improves materially as throughput rises. The 5-tonne view falls from 1,765 kcal/kg at 45–50 t to 1,520 at 60–65 t (13.9% lower). The finer 3-tonne view confirms the strongest band at 60-63, while the 2% target line translates each operating band into an immediate efficiency ambition.
B12: 5-TONNE Bucket | I12: 3-TONNE Bucket
B31: 5-TONNE DECISION TABLE | I31: 3-TONNE DECISION TABLE
B32: Bucket (t) | C32: Days | D32: Avg SFC | E32: 2% target | F32: Gap | G32: vs prior | I32: Bucket (t) | J32: Days | K32: Avg SFC | L32: 2% target | M32: Gap | N32: vs prior
B33: ='Draw Bucket Analysis'!A9 -> 45-50 | C33: ='Draw Bucket Analysis'!B9 -> 6 | D33: ='Draw Bucket Analysis'!E9 -> 1765.3728 | E33: ='Draw Bucket Analysis'!K9 -> 1730.0653 | F33: =D33-E33 -> 35.307455 | G33: ="—" -> — | I33: ='Draw Bucket Analysis'!B15 -> 45-48 | J33: ='Draw Bucket Analysis'!B17 -> 3 | K33: ='Draw Bucket Analysis'!E17 -> 1775.4981 | L33: ='Draw Bucket Analysis'!K17 -> 1739.9881 | M33: =K33-L33 -> 35.509962 | N33: ="—" -> —
B34: ='Draw Bucket Analysis'!A10 -> 50-55 | C34: ='Draw Bucket Analysis'!B10 -> 63 | D34: ='Draw Bucket Analysis'!E10 -> 1662.6063 | E34: ='Draw Bucket Analysis'!K10 -> 1629.3542 | F34: =D34-E34 -> 33.252126 | G34: =(D33-D34)/D33 -> 0.058212329 | I34: ='Draw Bucket Analysis'!A18 -> 48-51 | J34: ='Draw Bucket Analysis'!B18 -> 9 | K34: ='Draw Bucket Analysis'!E18 -> 1729.7317 | L34: ='Draw Bucket Analysis'!K18 -> 1695.1371 | M34: =K34-L34 -> 34.594635 | N34: =(K33-K34)/K33 -> 0.025776638
B35: ='Draw Bucket Analysis'!A11 -> 55-60 | C35: ='Draw Bucket Analysis'!B11 -> 185 | D35: ='Draw Bucket Analysis'!E11 -> 1565.0884 | E35: ='Draw Bucket Analysis'!K11 -> 1533.7866 | F35: =D35-E35 -> 31.301767 | G35: =(D34-D35)/D34 -> 0.058653654 | I35: ='Draw Bucket Analysis'!A19 -> 51-54 | J35: ='Draw Bucket Analysis'!B19 -> 46 | K35: ='Draw Bucket Analysis'!E19 -> 1665.1893 | L35: ='Draw Bucket Analysis'!K19 -> 1631.8856 | M35: =K35-L35 -> 33.303787 | N35: =(K34-K35)/K34 -> 0.037313526
B36: ='Draw Bucket Analysis'!A12 -> 60-65 | C36: ='Draw Bucket Analysis'!B12 -> 80 | D36: ='Draw Bucket Analysis'!E12 -> 1520.1068 | E36: ='Draw Bucket Analysis'!K12 -> 1489.7047 | F36: =D36-E36 -> 30.402136 | G36: =(D35-D36)/D35 -> 0.02874058 | I36: ='Draw Bucket Analysis'!A20 -> 54-57 | J36: ='Draw Bucket Analysis'!B20 -> 64 | K36: ='Draw Bucket Analysis'!E20 -> 1594.7856 | L36: ='Draw Bucket Analysis'!K20 -> 1562.8899 | M36: =K36-L36 -> 31.895712 | N36: =(K35-K36)/K35 -> 0.042279725
I37: ='Draw Bucket Analysis'!A21 -> 57-60 | J37: ='Draw Bucket Analysis'!B21 -> 132 | K37: ='Draw Bucket Analysis'!E21 -> 1555.4448 | L37: ='Draw Bucket Analysis'!K21 -> 1524.3359 | M37: =K37-L37 -> 31.108896 | N37: =(K36-K37)/K36 -> 0.024668378
I38: ='Draw Bucket Analysis'!A22 -> 60-63 | J38: ='Draw Bucket Analysis'!B22 -> 80 | K38: ='Draw Bucket Analysis'!E22 -> 1520.1068 | L38: ='Draw Bucket Analysis'!K22 -> 1489.7047 | M38: =K38-L38 -> 30.402136 | N38: =(K37-K38)/K37 -> 0.022718898

Sheet Draw Data
A1: Date | B1: Draw (Kg)
A2: 45901 | B2: 60554 | E2: Source: MB51(SAP)
A3: 45902 | B3: 57841 | E3: Movement Type (101)
A4: 45903 | B4: 60258 | E4: Glass Given to Quality (SAP)
A5: 45904 | B5: 59462 | E5: Material Desc
A6: 45905 | B6: 56709 | E6: MOLTEN GLASS 60 TPD FLINT -III
A7: 45906 | B7: 55926 | E7: Material Code
A8: 45907 | B8: 55717 | E8: MGF3060A0000000000
A9: 45908 | B9: 56409
A10: 45909 | B10: 55777
A11: 45910 | B11: 55489
A12: 45911 | B12: 57154
A13: 45912 | B13: 57065
A14: 45913 | B14: 57936
A15: 45914 | B15: 58312
A16: 45915 | B16: 58972
A17: 45916 | B17: 58921
A18: 45917 | B18: 59559
A19: 45918 | B19: 60443
A20: 45919 | B20: 58914
... A337: 46234 | B337: 54762

Sheet Draw Bucket Analysis
A1: Draw Bucket SFC Analysis
A2: 60 TPD melter | 1 Sep 2025 to 31 Jul 2026 | inclusive bucket limits
A4: SFC is summarized against daily draw in tonnes. The 5-tonne view provides a broad operating comparison, while the 3-tonne view gives finer resolution. Each row uses inclusive lower and upper limits and reports the number of days, minimum, maximum, average, sample standard deviation, and max–min SFC range.
A7: 5-TONNE DRAW BUCKETS
A8: Draw bucket (t) | B8: Days | C8: Min SFC | D8: Max SFC | E8: Avg SFC | F8: SFC range | G8: Bucket | K8: 2% Improvement Target
A9: =TEXT(G9,"0")&"-"&TEXT(H9,"0") -> 45-50 | B9: =COUNTIFS('Energy Data & SFC Calc (2)'!$K$4:$K$337,">="&G9,'Energy Data & SFC Calc (2)'!$K$4:$K$337,"<="&H9) -> 6 | C9: =_xlfn.MINIFS('Energy Data & SFC Calc (2)'!$J$4:$J$337,'Energy Data & SFC Calc (2)'!$K$4:$K$337,">="&G9,'Energy Data & SFC Calc (2)'!$K$4:$K$337,"<="&H9) -> 1751.7323 | D9: =_xlfn.MAXIFS('Energy Data & SFC Calc (2)'!$J$4:$J$337,'Energy Data & SFC Calc (2)'!$K$4:$K$337,">="&G9,'Energy Data & SFC Calc (2)'!$K$4:$K$337,"<="&H9) -> 1787.4848 | E9: =AVERAGEIFS('Energy Data & SFC Calc (2)'!$J$4:$J$337,'Energy Data & SFC Calc (2)'!$K$4:$K$337,">="&G9,'Energy Data & SFC Calc (2)'!$K$4:$K$337,"<="&H9) -> 1765.3728 | F9: =D9-C9 -> 35.752476 | G9: 45 | H9: 50 | K9: =E9*0.98 -> 1730.0653
A10: =TEXT(G10,"0")&"-"&TEXT(H10,"0") -> 50-55 | B10: =COUNTIFS('Energy Data & SFC Calc (2)'!$K$4:$K$337,">="&G10,'Energy Data & SFC Calc (2)'!$K$4:$K$337,"<="&H10) -> 63 | C10: =_xlfn.MINIFS('Energy Data & SFC Calc (2)'!$J$4:$J$337,'Energy Data & SFC Calc (2)'!$K$4:$K$337,">="&G10,'Energy Data & SFC Calc (2)'!$K$4:$K$337,"<="&H10) -> 1536.2476 | D10: =_xlfn.MAXIFS('Energy Data & SFC Calc (2)'!$J$4:$J$337,'Energy Data & SFC Calc (2)'!$K$4:$K$337,">="&G10,'Energy Data & SFC Calc (2)'!$K$4:$K$337,"<="&H10) -> 1762.0187 | E10: =AVERAGEIFS('Energy Data & SFC Calc (2)'!$J$4:$J$337,'Energy Data & SFC Calc (2)'!$K$4:$K$337,">="&G10,'Energy Data & SFC Calc (2)'!$K$4:$K$337,"<="&H10) -> 1662.6063 | F10: =D10-C10 -> 225.77109 | G10: 50 | H10: 55 | J10: =((E9-E10)/E9)*100 -> 5.8212329 | K10: =E10*0.98 -> 1629.3542
A11: =TEXT(G11,"0")&"-"&TEXT(H11,"0") -> 55-60 | B11: =COUNTIFS('Energy Data & SFC Calc (2)'!$K$4:$K$337,">="&G11,'Energy Data & SFC Calc (2)'!$K$4:$K$337,"<="&H11) -> 185 | C11: =_xlfn.MINIFS('Energy Data & SFC Calc (2)'!$J$4:$J$337,'Energy Data & SFC Calc (2)'!$K$4:$K$337,">="&G11,'Energy Data & SFC Calc (2)'!$K$4:$K$337,"<="&H11) -> 1486.0253 | D11: =_xlfn.MAXIFS('Energy Data & SFC Calc (2)'!$J$4:$J$337,'Energy Data & SFC Calc (2)'!$K$4:$K$337,">="&G11,'Energy Data & SFC Calc (2)'!$K$4:$K$337,"<="&H11) -> 1715.3615 | E11: =AVERAGEIFS('Energy Data & SFC Calc (2)'!$J$4:$J$337,'Energy Data & SFC Calc (2)'!$K$4:$K$337,">="&G11,'Energy Data & SFC Calc (2)'!$K$4:$K$337,"<="&H11) -> 1565.0884 | F11: =D11-C11 -> 229.3362 | G11: 55 | H11: 60 | J11: =((E10-E11)/E10)*100 -> 5.8653654 | K11: =E11*0.98 -> 1533.7866
A12: =TEXT(G12,"0")&"-"&TEXT(H12,"0") -> 60-65 | B12: =COUNTIFS('Energy Data & SFC Calc (2)'!$K$4:$K$337,">="&G12,'Energy Data & SFC Calc (2)'!$K$4:$K$337,"<="&H12) -> 80 | C12: =_xlfn.MINIFS('Energy Data & SFC Calc (2)'!$J$4:$J$337,'Energy Data & SFC Calc (2)'!$K$4:$K$337,">="&G12,'Energy Data & SFC Calc (2)'!$K$4:$K$337,"<="&H12) -> 1456.2051 | D12: =_xlfn.MAXIFS('Energy Data & SFC Calc (2)'!$J$4:$J$337,'Energy Data & SFC Calc (2)'!$K$4:$K$337,">="&G12,'Energy Data & SFC Calc (2)'!$K$4:$K$337,"<="&H12) -> 1566.9104 | E12: =AVERAGEIFS('Energy Data & SFC Calc (2)'!$J$4:$J$337,'Energy Data & SFC Calc (2)'!$K$4:$K$337,">="&G12,'Energy Data & SFC Calc (2)'!$K$4:$K$337,"<="&H12) -> 1520.1068 | F12: =D12-C12 -> 110.70535 | G12: 60 | H12: 65 | J12: =((E11-E12)/E11)*100 -> 2.874058 | K12: =E12*0.98 -> 1489.7047
A15: 3-TONNE DRAW BUCKETS | B15: =TEXT(G17,"0")&"-"&TEXT(H17,"0") -> 45-48
A16: Draw bucket (t) | B16: Days | C16: Min SFC | D16: Max SFC | E16: Avg SFC | F16: SFC range | K16: 2% Improvement Target
B17: =COUNTIFS('Energy Data & SFC Calc (2)'!$K$4:$K$337,">="&G17,'Energy Data & SFC Calc (2)'!$K$4:$K$337,"<="&H17) -> 3 | C17: =_xlfn.MINIFS('Energy Data & SFC Calc (2)'!$J$4:$J$337,'Energy Data & SFC Calc (2)'!$K$4:$K$337,">="&G17,'Energy Data & SFC Calc (2)'!$K$4:$K$337,"<="&H17) -> 1765.3193 | D17: =_xlfn.MAXIFS('Energy Data & SFC Calc (2)'!$J$4:$J$337,'Energy Data & SFC Calc (2)'!$K$4:$K$337,">="&G17,'Energy Data & SFC Calc (2)'!$K$4:$K$337,"<="&H17) -> 1787.4848 | E17: =AVERAGEIFS('Energy Data & SFC Calc (2)'!$J$4:$J$337,'Energy Data & SFC Calc (2)'!$K$4:$K$337,">="&G17,'Energy Data & SFC Calc (2)'!$K$4:$K$337,"<="&H17) -> 1775.4981 | F17: =D17-C17 -> 22.165545 | G17: 45 | H17: 48 | K17: =E17*0.98 -> 1739.9881
A18: =TEXT(G18,"0")&"-"&TEXT(H18,"0") -> 48-51 | B18: =COUNTIFS('Energy Data & SFC Calc (2)'!$K$4:$K$337,">="&G18,'Energy Data & SFC Calc (2)'!$K$4:$K$337,"<="&H18) -> 9 | C18: =_xlfn.MINIFS('Energy Data & SFC Calc (2)'!$J$4:$J$337,'Energy Data & SFC Calc (2)'!$K$4:$K$337,">="&G18,'Energy Data & SFC Calc (2)'!$K$4:$K$337,"<="&H18) -> 1684.2659 | D18: =_xlfn.MAXIFS('Energy Data & SFC Calc (2)'!$J$4:$J$337,'Energy Data & SFC Calc (2)'!$K$4:$K$337,">="&G18,'Energy Data & SFC Calc (2)'!$K$4:$K$337,"<="&H18) -> 1762.0187 | E18: =AVERAGEIFS('Energy Data & SFC Calc (2)'!$J$4:$J$337,'Energy Data & SFC Calc (2)'!$K$4:$K$337,">="&G18,'Energy Data & SFC Calc (2)'!$K$4:$K$337,"<="&H18) -> 1729.7317 | F18: =D18-C18 -> 77.752739 | G18: 48 | H18: 51 | J18: =((E17-E18)/E17)*100 -> 2.5776638 | K18: =E18*0.98 -> 1695.1371
A19: =TEXT(G19,"0")&"-"&TEXT(H19,"0") -> 51-54 | B19: =COUNTIFS('Energy Data & SFC Calc (2)'!$K$4:$K$337,">="&G19,'Energy Data & SFC Calc (2)'!$K$4:$K$337,"<="&H19) -> 46 | C19: =_xlfn.MINIFS('Energy Data & SFC Calc (2)'!$J$4:$J$337,'Energy Data & SFC Calc (2)'!$K$4:$K$337,">="&G19,'Energy Data & SFC Calc (2)'!$K$4:$K$337,"<="&H19) -> 1536.2476 | D19: =_xlfn.MAXIFS('Energy Data & SFC Calc (2)'!$J$4:$J$337,'Energy Data & SFC Calc (2)'!$K$4:$K$337,">="&G19,'Energy Data & SFC Calc (2)'!$K$4:$K$337,"<="&H19) -> 1749.4733 | E19: =AVERAGEIFS('Energy Data & SFC Calc (2)'!$J$4:$J$337,'Energy Data & SFC Calc (2)'!$K$4:$K$337,">="&G19,'Energy Data & SFC Calc (2)'!$K$4:$K$337,"<="&H19) -> 1665.1893 | F19: =D19-C19 -> 213.2257 | G19: 51 | H19: 54 | J19: =((E18-E19)/E18)*100 -> 3.7313526 | K19: =E19*0.98 -> 1631.8856
A20: =TEXT(G20,"0")&"-"&TEXT(H20,"0") -> 54-57 | B20: =COUNTIFS('Energy Data & SFC Calc (2)'!$K$4:$K$337,">="&G20,'Energy Data & SFC Calc (2)'!$K$4:$K$337,"<="&H20) -> 64 | C20: =_xlfn.MINIFS('Energy Data & SFC Calc (2)'!$J$4:$J$337,'Energy Data & SFC Calc (2)'!$K$4:$K$337,">="&G20,'Energy Data & SFC Calc (2)'!$K$4:$K$337,"<="&H20) -> 1532.2317 | D20: =_xlfn.MAXIFS('Energy Data & SFC Calc (2)'!$J$4:$J$337,'Energy Data & SFC Calc (2)'!$K$4:$K$337,">="&G20,'Energy Data & SFC Calc (2)'!$K$4:$K$337,"<="&H20) -> 1664.9418 | E20: =AVERAGEIFS('Energy Data & SFC Calc (2)'!$J$4:$J$337,'Energy Data & SFC Calc (2)'!$K$4:$K$337,">="&G20,'Energy Data & SFC Calc (2)'!$K$4:$K$337,"<="&H20) -> 1594.7856 | F20: =D20-C20 -> 132.71013 | G20: 54 | H20: 57 | J20: =((E19-E20)/E19)*100 -> 4.2279725 | K20: =E20*0.98 -> 1562.8899
A21: =TEXT(G21,"0")&"-"&TEXT(H21,"0") -> 57-60 | B21: =COUNTIFS('Energy Data & SFC Calc (2)'!$K$4:$K$337,">="&G21,'Energy Data & SFC Calc (2)'!$K$4:$K$337,"<="&H21) -> 132 | C21: =_xlfn.MINIFS('Energy Data & SFC Calc (2)'!$J$4:$J$337,'Energy Data & SFC Calc (2)'!$K$4:$K$337,">="&G21,'Energy Data & SFC Calc (2)'!$K$4:$K$337,"<="&H21) -> 1486.0253 | D21: =_xlfn.MAXIFS('Energy Data & SFC Calc (2)'!$J$4:$J$337,'Energy Data & SFC Calc (2)'!$K$4:$K$337,">="&G21,'Energy Data & SFC Calc (2)'!$K$4:$K$337,"<="&H21) -> 1715.3615 | E21: =AVERAGEIFS('Energy Data & SFC Calc (2)'!$J$4:$J$337,'Energy Data & SFC Calc (2)'!$K$4:$K$337,">="&G21,'Energy Data & SFC Calc (2)'!$K$4:$K$337,"<="&H21) -> 1555.4448 | F21: =D21-C21 -> 229.3362 | G21: 57 | H21: 60 | J21: =((E20-E21)/E20)*100 -> 2.4668378 | K21: =E21*0.98 -> 1524.3359
A22: =TEXT(G22,"0")&"-"&TEXT(H22,"0") -> 60-63 | B22: =COUNTIFS('Energy Data & SFC Calc (2)'!$K$4:$K$337,">="&G22,'Energy Data & SFC Calc (2)'!$K$4:$K$337,"<="&H22) -> 80 | C22: =_xlfn.MINIFS('Energy Data & SFC Calc (2)'!$J$4:$J$337,'Energy Data & SFC Calc (2)'!$K$4:$K$337,">="&G22,'Energy Data & SFC Calc (2)'!$K$4:$K$337,"<="&H22) -> 1456.2051 | D22: =_xlfn.MAXIFS('Energy Data & SFC Calc (2)'!$J$4:$J$337,'Energy Data & SFC Calc (2)'!$K$4:$K$337,">="&G22,'Energy Data & SFC Calc (2)'!$K$4:$K$337,"<="&H22) -> 1566.9104 | E22: =AVERAGEIFS('Energy Data & SFC Calc (2)'!$J$4:$J$337,'Energy Data & SFC Calc (2)'!$K$4:$K$337,">="&G22,'Energy Data & SFC Calc (2)'!$K$4:$K$337,"<="&H22) -> 1520.1068 | F22: =D22-C22 -> 110.70535 | G22: 60 | H22: 63 | J22: =((E21-E22)/E21)*100 -> 2.2718898 | K22: =E22*0.98 -> 1489.7047

Sheet Daily Variation Analysis
A1: Draw, Energy & SFC Variation Analysis
A2: Daily deviation from the overall average | 1 Sep 2025 to 31 Jul 2026
A4: ="Across all 334 days, Draw variation has a "&IF(E8<0,"negative","positive")&" relationship with Energy variation (r="&TEXT(E8,"0.000")&") and a "&IF(E9<0,"negative","positive")&" relationship with SFC variation (r="&TEXT(E9,"0.000")&"). Values above zero are above the period average; values below zero are below it." -> Across all 334 days, Draw variation has a positive relationship with Energy variation (r=0.757) and a negative relationship with SFC variation (r=-0.882). Values above zero are above the period average; values below zero are below it.
A7: Overall average | B7: Value | D7: Relationship | E7: Correlation (r)
A8: Draw (t) | B8: =AVERAGE('Energy Data & SFC Calc (2)'!$K$4:$K$337) -> 57.390901 | D8: Draw % vs Energy % | E8: =CORREL(E13:E346,F13:F346) -> 0.75663819
A9: Total Energy | B9: =AVERAGE('Energy Data & SFC Calc (2)'!$H$4:$H$337) -> 90286779 | D9: Draw % vs SFC % | E9: =CORREL(E13:E346,G13:G346) -> -0.88217848
A10: SFC (kcal/kg) | B10: =AVERAGE('Energy Data & SFC Calc (2)'!$J$4:$J$337) -> 1576.3064
A12: Date | B12: Draw (t) | C12: Total Energy | D12: SFC (kcal/kg) | E12: Draw variation % | F12: Energy variation % | G12: SFC variation %
A13: ='Energy Data & SFC Calc (2)'!C4 -> 45901 | B13: ='Energy Data & SFC Calc (2)'!K4 -> 60.554 | C13: ='Energy Data & SFC Calc (2)'!H4 -> 90228389 | D13: ='Energy Data & SFC Calc (2)'!J4 -> 1490.0484 | E13: =B13/$B$8-1 -> 0.055114988 | F13: =C13/$B$9-1 -> -0.00064671141 | G13: =D13/$B$10-1 -> -0.054721596
A14: ='Energy Data & SFC Calc (2)'!C5 -> 45902 | B14: ='Energy Data & SFC Calc (2)'!K5 -> 57.841 | C14: ='Energy Data & SFC Calc (2)'!H5 -> 87419812 | D14: ='Energy Data & SFC Calc (2)'!J5 -> 1511.3814 | E14: =B14/$B$8-1 -> 0.0078426857 | F14: =C14/$B$9-1 -> -0.031754 | G14: =D14/$B$10-1 -> -0.041188035
A15: ='Energy Data & SFC Calc (2)'!C6 -> 45903 | B15: ='Energy Data & SFC Calc (2)'!K6 -> 60.258 | C15: ='Energy Data & SFC Calc (2)'!H6 -> 87748005 | D15: ='Energy Data & SFC Calc (2)'!J6 -> 1456.2051 | E15: =B15/$B$8-1 -> 0.049957376 | F15: =C15/$B$9-1 -> -0.028118998 | G15: =D15/$B$10-1 -> -0.076191602
A16: ='Energy Data & SFC Calc (2)'!C7 -> 45904 | B16: ='Energy Data & SFC Calc (2)'!K7 -> 59.462 | C16: ='Energy Data & SFC Calc (2)'!H7 -> 88560136 | D16: ='Energy Data & SFC Calc (2)'!J7 -> 1489.3568 | E16: =B16/$B$8-1 -> 0.036087581 | F16: =C16/$B$9-1 -> -0.019123982 | G16: =D16/$B$10-1 -> -0.055160306
A17: ='Energy Data & SFC Calc (2)'!C8 -> 45905 | B17: ='Energy Data & SFC Calc (2)'!K8 -> 56.709 | C17: ='Energy Data & SFC Calc (2)'!H8 -> 87054926 | D17: ='Energy Data & SFC Calc (2)'!J8 -> 1535.1166 | E17: =B17/$B$8-1 -> -0.011881695 | F17: =C17/$B$9-1 -> -0.035795417 | G17: =D17/$B$10-1 -> -0.026130581
A18: ='Energy Data & SFC Calc (2)'!C9 -> 45906 | B18: ='Energy Data & SFC Calc (2)'!K9 -> 55.926 | C18: ='Energy Data & SFC Calc (2)'!H9 -> 87140286 | D18: ='Energy Data & SFC Calc (2)'!J9 -> 1558.1355 | E18: =B18/$B$8-1 -> -0.025524973 | F18: =C18/$B$9-1 -> -0.034849984 | G18: =D18/$B$10-1 -> -0.011527502
A19: ='Energy Data & SFC Calc (2)'!C10 -> 45907 | B19: ='Energy Data & SFC Calc (2)'!K10 -> 55.717 | C19: ='Energy Data & SFC Calc (2)'!H10 -> 86208221 | D19: ='Energy Data & SFC Calc (2)'!J10 -> 1547.2517 | E19: =B19/$B$8-1 -> -0.029166665 | F19: =C19/$B$9-1 -> -0.045173363 | G19: =D19/$B$10-1 -> -0.018432144
A20: ='Energy Data & SFC Calc (2)'!C11 -> 45908 | B20: ='Energy Data & SFC Calc (2)'!K11 -> 56.409 | C20: ='Energy Data & SFC Calc (2)'!H11 -> 86431656 | D20: ='Energy Data & SFC Calc (2)'!J11 -> 1532.2317 | E20: =B20/$B$8-1 -> -0.017109005 | F20: =C20/$B$9-1 -> -0.042698637 | G20: =D20/$B$10-1 -> -0.027960747
A21: ='Energy Data & SFC Calc (2)'!C12 -> 45909 | B21: ='Energy Data & SFC Calc (2)'!K12 -> 55.777 | C21: ='Energy Data & SFC Calc (2)'!H12 -> 85957001 | D21: ='Energy Data & SFC Calc (2)'!J12 -> 1541.0833 | E21: =B21/$B$8-1 -> -0.028121203 | F21: =C21/$B$9-1 -> -0.047955829 | G21: =D21/$B$10-1 -> -0.022345344
A22: ='Energy Data & SFC Calc (2)'!C13 -> 45910 | B22: ='Energy Data & SFC Calc (2)'!K13 -> 55.489 | C22: ='Energy Data & SFC Calc (2)'!H13 -> 86108835 | D22: ='Energy Data & SFC Calc (2)'!J13 -> 1551.8181 | E22: =B22/$B$8-1 -> -0.03313942 | F22: =C22/$B$9-1 -> -0.046274147 | G22: =D22/$B$10-1 -> -0.01553522
A23: ='Energy Data & SFC Calc (2)'!C14 -> 45911 | B23: ='Energy Data & SFC Calc (2)'!K14 -> 57.154 | C23: ='Energy Data & SFC Calc (2)'!H14 -> 85943629 | D23: ='Energy Data & SFC Calc (2)'!J14 -> 1503.7203 | E23: =B23/$B$8-1 -> -0.0041278529 | F23: =C23/$B$9-1 -> -0.04810394 | G23: =D23/$B$10-1 -> -0.046048215
A24: ='Energy Data & SFC Calc (2)'!C15 -> 45912 | B24: ='Energy Data & SFC Calc (2)'!K15 -> 57.065 | C24: ='Energy Data & SFC Calc (2)'!H15 -> 86662820 | D24: ='Energy Data & SFC Calc (2)'!J15 -> 1518.6685 | E24: =B24/$B$8-1 -> -0.0056786214 | F24: =C24/$B$9-1 -> -0.040138308 | G24: =D24/$B$10-1 -> -0.036565123
... A346: ='Energy Data & SFC Calc (2)'!C337 -> 46234 | B346: ='Energy Data & SFC Calc (2)'!K337 -> 54.762 | C346: ='Energy Data & SFC Calc (2)'!H337 -> 91175543 | D346: ='Energy Data & SFC Calc (2)'!J337 -> 1664.9418 | E346: =B346/$B$8-1 -> -0.045806934 | F346: =C346/$B$9-1 -> 0.009843789 | G346: =D346/$B$10-1 -> 0.056229819

Sheet Energy Data & SFC Calc (2)
C1: 60 TPD Melter Energy Data
B3: Month | C3: Date | D3: Melter NG (SCM) | E3: NCV (kcal/scm) | F3: Melter Boosting (kWh) | G3: Barrier Boosting (kWh) | H3: Total Energy | I3: Draw(kg) | J3: SFC (kcal/kg) | K3: Draw (tonnes)
B4: =DATE(YEAR(C4),MONTH(C4),1) -> 45901 | C4: 45901 | D4: 7686 | E4: 9604.646 | F4: 5358 | G4: 13720 | H4: =((D4 *(E4))+ ((F4+G4)*860)) -> 90228389 | I4: =VLOOKUP(C4,'Draw Data'!A:B,2,0) -> 60554 | J4: =H4/I4 -> 1490.0484 | K4: =I4/1000 -> 60.554
B5: =DATE(YEAR(C5),MONTH(C5),1) -> 45901 | C5: 45902 | D5: 7516 | E5: 9630.14 | F5: 5678 | G5: 11810 | H5: =((D5 *(E5))+ ((F5+G5)*860)) -> 87419812 | I5: =VLOOKUP(C5,'Draw Data'!A:B,2,0) -> 57841 | J5: =H5/I5 -> 1511.3814 | K5: =I5/1000 -> 57.841 | M5: Avg SFC (1/9/25- 31/7/26) | N5: =AVERAGE(J4:J337) -> 1576.3064
B6: =DATE(YEAR(C6),MONTH(C6),1) -> 45901 | C6: 45903 | D6: 7493 | E6: 9579.659 | F6: 5487 | G6: 13080 | H6: =((D6 *(E6))+ ((F6+G6)*860)) -> 87748005 | I6: =VLOOKUP(C6,'Draw Data'!A:B,2,0) -> 60258 | J6: =H6/I6 -> 1456.2051 | K6: =I6/1000 -> 60.258
B7: =DATE(YEAR(C7),MONTH(C7),1) -> 45901 | C7: 45904 | D7: 7683 | E7: 9538.12 | F7: 5456 | G7: 12310 | H7: =((D7 *(E7))+ ((F7+G7)*860)) -> 88560136 | I7: =VLOOKUP(C7,'Draw Data'!A:B,2,0) -> 59462 | J7: =H7/I7 -> 1489.3568 | K7: =I7/1000 -> 59.462 | N7: =0.98*N5 -> 1544.7802
B8: =DATE(YEAR(C8),MONTH(C8),1) -> 45901 | C8: 45905 | D8: 7731 | E8: 9465.079 | F8: 5520 | G8: 10620 | H8: =((D8 *(E8))+ ((F8+G8)*860)) -> 87054926 | I8: =VLOOKUP(C8,'Draw Data'!A:B,2,0) -> 56709 | J8: =H8/I8 -> 1535.1166 | K8: =I8/1000 -> 56.709
B9: =DATE(YEAR(C9),MONTH(C9),1) -> 45901 | C9: 45906 | D9: 7815 | E9: 9515.233 | F9: 5599 | G9: 9260 | H9: =((D9 *(E9))+ ((F9+G9)*860)) -> 87140286 | I9: =VLOOKUP(C9,'Draw Data'!A:B,2,0) -> 55926 | J9: =H9/I9 -> 1558.1355 | K9: =I9/1000 -> 55.926
B10: =DATE(YEAR(C10),MONTH(C10),1) -> 45901 | C10: 45907 | D10: 7735 | E10: 9478.803 | F10: 5298 | G10: 9690 | H10: =((D10 *(E10))+ ((F10+G10)*860)) -> 86208221 | I10: =VLOOKUP(C10,'Draw Data'!A:B,2,0) -> 55717 | J10: =H10/I10 -> 1547.2517 | K10: =I10/1000 -> 55.717
B11: =DATE(YEAR(C11),MONTH(C11),1) -> 45901 | C11: 45908 | D11: 7762 | E11: 9430.52 | F11: 5456 | G11: 9930 | H11: =((D11 *(E11))+ ((F11+G11)*860)) -> 86431656 | I11: =VLOOKUP(C11,'Draw Data'!A:B,2,0) -> 56409 | J11: =H11/I11 -> 1532.2317 | K11: =I11/1000 -> 56.409
B12: =DATE(YEAR(C12),MONTH(C12),1) -> 45901 | C12: 45909 | D12: 7614 | E12: 9478.411 | F12: 5503 | G12: 10530 | H12: =((D12 *(E12))+ ((F12+G12)*860)) -> 85957001 | I12: =VLOOKUP(C12,'Draw Data'!A:B,2,0) -> 55777 | J12: =H12/I12 -> 1541.0833 | K12: =I12/1000 -> 55.777
B13: =DATE(YEAR(C13),MONTH(C13),1) -> 45901 | C13: 45910 | D13: 7663 | E13: 9562.638 | F13: 5469 | G13: 9450 | H13: =((D13 *(E13))+ ((F13+G13)*860)) -> 86108835 | I13: =VLOOKUP(C13,'Draw Data'!A:B,2,0) -> 55489 | J13: =H13/I13 -> 1551.8181 | K13: =I13/1000 -> 55.489
B14: =DATE(YEAR(C14),MONTH(C14),1) -> 45901 | C14: 45911 | D14: 7640 | E14: 9468.831 | F14: 5516 | G14: 10300 | H14: =((D14 *(E14))+ ((F14+G14)*860)) -> 85943629 | I14: =VLOOKUP(C14,'Draw Data'!A:B,2,0) -> 57154 | J14: =H14/I14 -> 1503.7203 | K14: =I14/1000 -> 57.154
B15: =DATE(YEAR(C15),MONTH(C15),1) -> 45901 | C15: 45912 | D15: 7634 | E15: 9529.814 | F15: 4797 | G15: 11380 | H15: =((D15 *(E15))+ ((F15+G15)*860)) -> 86662820 | I15: =VLOOKUP(C15,'Draw Data'!A:B,2,0) -> 57065 | J15: =H15/I15 -> 1518.6685 | K15: =I15/1000 -> 57.065
B16: =DATE(YEAR(C16),MONTH(C16),1) -> 45901 | C16: 45913 | D16: 7561 | E16: 9600.009 | F16: 4382 | G16: 12060 | H16: =((D16 *(E16))+ ((F16+G16)*860)) -> 86725788 | I16: =VLOOKUP(C16,'Draw Data'!A:B,2,0) -> 57936 | J16: =H16/I16 -> 1496.924 | K16: =I16/1000 -> 57.936
B17: =DATE(YEAR(C17),MONTH(C17),1) -> 45901 | C17: 45914 | D17: 7542 | E17: 9574.387 | F17: 4394 | G17: 13260 | H17: =((D17 *(E17))+ ((F17+G17)*860)) -> 87392467 | I17: =VLOOKUP(C17,'Draw Data'!A:B,2,0) -> 58312 | J17: =H17/I17 -> 1498.7047 | K17: =I17/1000 -> 58.312
B18: =DATE(YEAR(C18),MONTH(C18),1) -> 45901 | C18: 45915 | D18: 7543 | E18: 9571.945 | F18: 4415 | G18: 13530 | H18: =((D18 *(E18))+ ((F18+G18)*860)) -> 87633881 | I18: =VLOOKUP(C18,'Draw Data'!A:B,2,0) -> 58972 | J18: =H18/I18 -> 1486.0253 | K18: =I18/1000 -> 58.972
B19: =DATE(YEAR(C19),MONTH(C19),1) -> 45901 | C19: 45916 | D19: 7460 | E19: 9726.225 | F19: 3853 | G19: 14210 | H19: =((D19 *(E19))+ ((F19+G19)*860)) -> 88091818 | I19: =VLOOKUP(C19,'Draw Data'!A:B,2,0) -> 58921 | J19: =H19/I19 -> 1495.0836 | K19: =I19/1000 -> 58.921
... B337: =DATE(YEAR(C337),MONTH(C337),1) -> 46204 | C337: 46234 | D337: 8298 | E337: 9450.68 | F337: 7310 | G337: 7520 | H337: =((D337 *(E337))+ ((F337+G337)*860)) -> 91175543 | I337: =VLOOKUP(C337,'Draw Data'!A:B,2,0) -> 54762 | J337: =H337/I337 -> 1664.9418 | K337: =I337/1000 -> 54.762
